site1,Jacobabad,Karachi_Jinnah_Airport,Lahore,Multan,Nawabshah,Sibi
Jacobabad,1.0,0.9010307680074255,0.9718931135967667,0.9878306802989321,0.9689948490452376,0.9825709583990911
Karachi_Jinnah_Airport,0.9010307680074255,1.0,0.8737339040544527,0.8828806771199957,0.9405776340022318,0.8878753041778685
Lahore,0.9718931135967667,0.8737339040544527,1.0,0.9838734326824983,0.9325323417372888,0.9638119297330751
Multan,0.9878306802989321,0.8828806771199958,0.9838734326824983,1.0,0.9471060404139251,0.9801844182105206
Nawabshah,0.9689948490452375,0.9405776340022318,0.9325323417372889,0.947106040413925,1.0,0.9554171378650502
Sibi,0.9825709583990913,0.8878753041778685,0.9638119297330751,0.9801844182105206,0.9554171378650502,1.0
