site1,Jacobabad,Karachi_Jinnah_Airport,Lahore,Multan,Nawabshah,Sibi
Jacobabad,1.0,0.5488530490226757,-0.015717365336548283,0.22192412139415052,0.8177577381841589,0.45643546458763845
Karachi_Jinnah_Airport,0.5488530490226757,0.9999999999999999,-0.01874405190385108,0.12144206934382143,0.31346775286392936,0.4268050309394931
Lahore,-0.015717365336548283,-0.01874405190385108,1.0,-0.019427183505006548,0.16158053532128927,0.2381755699227713
Multan,0.2219241213941505,0.12144206934382143,-0.019427183505006548,1.0,0.3836821729034613,0.27182704257935975
Nawabshah,0.817757738184159,0.3134677528639294,0.16158053532128927,0.3836821729034613,1.0,0.5179846337567175
Sibi,0.45643546458763845,0.4268050309394932,0.23817556992277128,0.27182704257935975,0.5179846337567175,1.0
