site1,Jacobabad,Karachi_Jinnah_Airport,Lahore,Multan,Nawabshah,Sibi
Jacobabad,1.0,0.5512178689771425,0.8732955280487756,0.9386994039996286,0.7571131879689013,0.9183458979484022
Karachi_Jinnah_Airport,0.5512178689771425,1.0,0.48306625860199776,0.5157294937162791,0.6717890970505379,0.506874542003237
Lahore,0.8732955280487756,0.48306625860199776,1.0,0.9294014790092491,0.6060512900148388,0.828083215508625
Multan,0.9386994039996286,0.5157294937162791,0.9294014790092491,1.0,0.6435606995786408,0.894326506328582
Nawabshah,0.7571131879689013,0.6717890970505378,0.6060512900148388,0.6435606995786408,1.0,0.6870218251747446
Sibi,0.9183458979484022,0.506874542003237,0.828083215508625,0.894326506328582,0.6870218251747447,0.9999999999999999
